,sex,age,sex-age,credit,score_GaussianNB,score_LR,score_DecisionTree,score_RandomForest,score_MultiLayerPerceptron,score_Feldman-GaussianNB,score_Feldman-LR,score_Feldman-DecisionTree,score_Feldman-RandomForest,score_Feldman-MultiLayerPerceptron
331,female,adult,female-adult,0,0.03462871018347424,0.07533079654634173,0.0,0.05,0.2808412815303574,0.053011835714081926,0.07563189503275076,0.0,0.0,0.26429418890602535
527,male,adult,male-adult,1,0.0002001561163163209,0.01952669039679766,0.0,0.04,0.33173640286402584,0.00021613480134449354,0.020671917763663818,0.0,0.0,0.2599673163110939
789,male,adult,male-adult,0,0.9996309528098238,0.78752965806332,1.0,0.57,0.29409357045813556,0.9998261869832172,0.7245333810630852,1.0,0.68,0.7713183732973413
415,male,adult,male-adult,1,7.411858601427146e-05,0.04731197453702322,0.0,0.06,0.15220085916709317,8.742003007059976e-05,0.047611427757553254,0.0,0.09,0.37714324022172424
739,female,adult,female-adult,0,0.9999995528125615,0.7645663707876544,1.0,0.57,0.24266663261044788,0.912775355455644,0.7412695549832278,1.0,0.41,0.7362851888573321
616,male,adult,male-adult,1,0.9981917265378442,0.7016460492834051,1.0,0.39,0.2781452894724773,0.9999357025224606,0.6843520188189572,1.0,0.45,0.9360230176490554
502,male,adult,male-adult,1,0.000412206794717304,0.047954569397788034,0.0,0.18,0.24024380781943303,0.00029268398553679347,0.07020942294600263,0.0,0.1,0.37399114715887893
417,female,youth,female-youth,1,0.9925367058341074,0.5277363030196168,0.0,0.54,0.1629793389779435,0.9979735933045204,0.5101059231069491,1.0,0.47,0.8028592810183593
600,female,adult,female-adult,1,0.00018740306750149796,0.16504500278124012,0.0,0.14,0.2614496352196192,6.616438949751463e-05,0.1701380652892165,0.0,0.19,0.2351615012207605
579,male,adult,male-adult,1,9.007577318119382e-06,0.20908288471901618,0.0,0.2,0.18596429047802426,0.10073603804179117,0.2549795376480377,0.0,0.29,0.3069957966760707
509,male,adult,male-adult,1,0.0013501571963649341,0.12608246750544763,0.0,0.27,0.09997603758997776,0.004637488121867149,0.13211332400646425,1.0,0.31,0.7331033486580483
951,male,youth,male-youth,0,0.8788530326689004,0.6412931188487384,1.0,0.61,0.30156581623296663,0.9445896008098589,0.595960298290895,1.0,0.67,0.5948202722768383
526,female,adult,female-adult,1,0.10399975085319224,0.11399420909397161,0.0,0.05,0.16221949566457025,0.1276847170420785,0.11576236546408923,0.0,0.03,0.2969877839931871
519,male,adult,male-adult,1,0.001960240515664571,0.024323124590835608,0.0,0.07,0.19555646685922234,0.0024932070439752756,0.03073608470971404,0.0,0.09,0.2661087684584715
290,male,adult,male-adult,1,6.840738909817309e-19,0.046889748608587654,0.0,0.11,0.21336790398138772,1.729522091193181e-22,0.05691200029001431,0.0,0.07,0.27558496587752934
497,male,adult,male-adult,1,0.002219109507874973,0.06282110229081389,0.0,0.05,0.2008861632936593,0.0026820575823491345,0.07030561392042561,0.0,0.06,0.2973150029161008
635,male,adult,male-adult,1,0.5781999934096641,0.07891223828210792,0.0,0.17,0.1349040246373067,0.9157930929092576,0.1012676008596665,0.0,0.24,0.3243745776340756
93,male,youth,male-youth,1,0.6066404571105255,0.18700532699617667,1.0,0.36,0.15966277989859368,0.8360567723654618,0.17874841113115955,0.0,0.41,0.5784259365929997
308,female,youth,female-youth,0,0.25749910216464456,0.18203280835721325,0.0,0.13,0.23324044925865076,0.24460400486554107,0.21871494800129448,0.0,0.12,0.4085702827010281
6,male,adult,male-adult,1,0.0002876064266339318,0.06015796924622662,0.0,0.13,0.13457025923109012,0.00019244962747019058,0.08439093892175373,0.0,0.1,0.3037428733108709
765,male,adult,male-adult,1,0.00021709759487504852,0.18292209331681056,0.0,0.15,0.2663841182116937,0.00011424874079838572,0.2200838076071591,0.0,0.17,0.2312642486126844
174,male,adult,male-adult,0,0.9986556305302751,0.7351228969562701,1.0,0.67,0.4672905695266905,0.9992683175351401,0.695017778021496,0.0,0.54,0.5140440404067439
157,male,adult,male-adult,1,0.8684145162159531,0.8348561605601569,0.0,0.65,0.543382489029747,0.9999935466098301,0.7737646992103066,1.0,0.66,0.42617667942222215
384,male,adult,male-adult,1,0.07987119375409066,0.18886277923938957,0.0,0.19,0.28972478029804033,0.12039527356683567,0.23200818338727872,0.0,0.29,0.5678814772918143
179,male,adult,male-adult,1,0.18620734710628853,0.4132324639512732,0.0,0.42,0.34422827045283777,0.22700099107066452,0.3986010307657285,1.0,0.46,0.3330215893566375
693,male,adult,male-adult,1,0.026254733428144515,0.13844683020949175,0.0,0.2,0.2573216445328381,0.04053009403467792,0.15989823290754795,0.0,0.13,0.6563460638093944
930,male,youth,male-youth,1,1.6725622255580933e-13,0.6715671870140032,1.0,0.41,0.5332117493227745,8.07408081804589e-17,0.605394915576763,1.0,0.44,0.48565813505010674
7,male,adult,male-adult,1,0.1730534008035267,0.5247673181292926,0.0,0.46,0.19461861715700343,0.22381821319181816,0.4959314221267036,1.0,0.54,0.7389366691725393
768,male,adult,male-adult,1,0.06309072733769801,0.14569711815255393,1.0,0.36,0.150628578956868,0.25666825037191315,0.17599025046379485,1.0,0.29,0.523714352817584
231,male,adult,male-adult,1,0.004696779382545668,0.0788592027804686,0.0,0.08,0.20402987529083064,0.003265904569890604,0.09928609390091722,0.0,0.09,0.42456132900904536
614,female,youth,female-youth,0,0.012114930690042512,0.1296792183155172,0.0,0.14,0.31569613621623854,0.011010952238718381,0.11370803310383022,0.0,0.1,0.3319505604083357
491,female,adult,female-adult,0,0.99999999276654,0.5489049714489749,1.0,0.62,0.15030647470037653,0.9997621926553193,0.5188519410756195,1.0,0.57,0.9288621789150208
952,female,adult,female-adult,0,0.0013338105190019067,0.38798251807401524,0.0,0.28,0.18475615778578797,0.000782557061345053,0.44816886476662837,0.0,0.28,0.4851049628581028
772,male,adult,male-adult,1,2.5601746019839536e-05,0.0245055514821521,0.0,0.1,0.11309486992813109,1.4371358800779627e-05,0.027455837223320987,0.0,0.03,0.3454046686472493
197,female,adult,female-adult,0,0.5763693768691286,0.43218467293994745,0.0,0.57,0.27861914181703157,0.9771252846966206,0.5289786668002788,0.0,0.52,0.5735017643037826
193,male,adult,male-adult,1,0.005161168133155028,0.05342644463311643,0.0,0.06,0.32169209849434566,0.004341773113302389,0.06200755749107382,0.0,0.02,0.36078732792160734
958,male,adult,male-adult,0,0.8567825351328462,0.7974166482045999,1.0,0.54,0.30192496596371277,0.8608211353721813,0.7752927352996383,1.0,0.54,0.5921930860983334
570,female,youth,female-youth,0,0.8865095110288318,0.5005066116716874,0.0,0.5,0.4057503683736625,0.8972403141572951,0.5100624389812545,0.0,0.53,0.6561584328950361
837,female,youth,female-youth,1,0.09231477116016797,0.052284128858488425,0.0,0.19,0.33312918107151973,0.0874129300871886,0.06532813664978523,0.0,0.11,0.33883634085432884
556,female,adult,female-adult,0,0.9999977498665962,0.6525456427137151,0.0,0.34,0.25239227801343556,0.573316150653712,0.5892276144714764,0.0,0.2,0.5211947298649243
437,female,adult,female-adult,1,1.114346397789891e-07,0.037254871806088066,0.0,0.02,0.14654751923421352,4.8899516472771564e-08,0.04986160103508886,0.0,0.01,0.23340564961761584
620,male,adult,male-adult,1,0.15818653931594925,0.22178887091903127,1.0,0.38,0.19648962006338944,0.17813896861828224,0.22576177896790833,0.0,0.33,0.5420192206990022
920,female,adult,female-adult,1,0.025892482434072155,0.12521522140304384,0.0,0.04,0.24344024158632083,0.02998762745394843,0.11062933374614585,0.0,0.06,0.28019154545181746
309,male,youth,male-youth,1,0.6840824368998086,0.4827013402577503,0.0,0.32,0.3803090570518745,0.6938826551200596,0.4971044190996416,0.0,0.3,0.3646106109870911
689,male,adult,male-adult,1,0.0001934258476448352,0.31080942818870955,1.0,0.32,0.18433982012249397,6.270223269897975e-05,0.3450947858586284,0.0,0.28,0.5582733620732855
87,male,adult,male-adult,0,0.9999867630054878,0.37747368502794093,1.0,0.44,0.08684760406379381,0.9999999470435782,0.43016497805015685,0.0,0.34,0.970009614463256
61,male,adult,male-adult,1,3.3485499591268485e-07,0.03316433496486287,0.0,0.14,0.10057137394832026,1.4489483300748793e-07,0.04296119800803987,0.0,0.12,0.16272764395394584
389,female,adult,female-adult,1,0.027581144191068233,0.0954139987457283,0.0,0.06,0.13123565253725125,0.034333960365330124,0.11471962275171019,0.0,0.07,0.3645334752325829
103,male,adult,male-adult,1,0.14714238146478859,0.25452265120104184,0.0,0.26,0.1855716569173183,0.1361424453499585,0.22024316213951584,0.0,0.33,0.4372311175013659
315,male,adult,male-adult,0,0.9999943529851584,0.8421657228825269,1.0,0.69,0.36626024167620735,0.9999967140881181,0.8018797978054015,1.0,0.69,0.6175175655459657
45,female,adult,female-adult,1,0.043235525083469395,0.15967606731915227,0.0,0.15,0.1490733906726157,0.05263442400963731,0.1635401268951888,0.0,0.12,0.39295834933477825
228,male,youth,male-youth,0,0.004797822145855184,0.092176647943319,0.0,0.05,0.17496091413002024,0.004025761148228098,0.09840013376080566,0.0,0.03,0.31617999615474357
886,male,adult,male-adult,1,0.042061547707824096,0.12265476754878114,0.0,0.2,0.10808339516676219,0.053413106421668,0.13439883241789288,0.0,0.26,0.502153367484075
950,male,adult,male-adult,1,0.9249292020035133,0.2692928524489125,1.0,0.4,0.0931995116691672,0.9896444350356683,0.23354596423702262,0.0,0.29,0.524652553400344
126,male,adult,male-adult,1,0.2765019373681674,0.405856149593538,1.0,0.76,0.526164428995341,0.2846589784513276,0.3821152323427064,1.0,0.71,0.34227152343947137
627,male,adult,male-adult,0,0.9996301234932868,0.35142751228254093,1.0,0.48,0.3657595877374109,0.999835052041116,0.37227017170029236,1.0,0.54,0.6064206374859068
311,male,adult,male-adult,1,0.8299595797736481,0.34817565191813643,0.0,0.25,0.20894288204208647,0.9329729326464316,0.3520224747144551,0.0,0.28,0.5913947415393205
687,male,adult,male-adult,1,0.9833240648992246,0.7502612532462303,0.0,0.41,0.364336737846887,0.9782169904574755,0.692534560035664,0.0,0.42,0.5824682457664271
352,male,adult,male-adult,1,5.3516553325242715e-05,0.012642375576427516,0.0,0.09,0.10746303155243236,3.213826948811671e-05,0.013588370673132793,0.0,0.1,0.3699409543000958
332,female,youth,female-youth,0,0.9965829684971087,0.852442291517825,1.0,0.62,0.2825880405453345,0.9953003564845148,0.8227514895201081,1.0,0.7,0.8000489115056412
27,female,adult,female-adult,1,0.003410310800401408,0.18395182539288515,0.0,0.52,0.4280513478863623,0.003147442081693853,0.23183429499453956,1.0,0.47,0.3413373396339648
360,male,adult,male-adult,1,0.9866487875839729,0.31850570308994375,1.0,0.5,0.20355944850640603,0.990294197546112,0.33005750437001463,1.0,0.49,0.45409596811635705
34,female,adult,female-adult,1,0.27470428695500815,0.3545225954145183,0.0,0.24,0.3256195713512456,0.23711505579252792,0.3099740301790798,0.0,0.2,0.4556680469966059
907,male,adult,male-adult,1,0.8735854654742852,0.44349763146392374,0.0,0.4,0.15337083126235052,0.8601692574793693,0.450261518312542,1.0,0.31,0.4427671469671143
207,male,adult,male-adult,1,0.0005881665977818724,0.23284349152909614,0.0,0.25,0.18040203907605598,0.0001268813867426961,0.20906126499199484,1.0,0.35,0.4126475801940894
282,male,adult,male-adult,1,0.7709363071821524,0.2086560838295289,0.0,0.29,0.25676905337262856,0.8354469012222687,0.21167790569021494,1.0,0.33,0.5200940354014885
401,male,adult,male-adult,1,0.07067595534863684,0.20855718141536522,0.0,0.29,0.20914628225887644,0.08411595312626496,0.21674767729852887,0.0,0.25,0.44271997098240684
528,male,adult,male-adult,0,0.9227854266502682,0.7720200278079266,1.0,0.75,0.3168171181456153,0.8947331304192241,0.7497957530818292,1.0,0.77,0.51830605875221
434,male,adult,male-adult,1,0.48284627581739653,0.3629264254637097,0.0,0.18,0.3651658213759033,0.46736358240457704,0.34292851809088815,0.0,0.25,0.4393182126441189
128,male,adult,male-adult,1,0.008500625409437157,0.19451699493416874,0.0,0.37,0.19039844655560764,0.008982692701599154,0.17822757298546957,0.0,0.42,0.3051286250288114
50,male,adult,male-adult,1,0.7249757281362518,0.5541728024361444,0.0,0.44,0.4095371233919093,0.7317742908723205,0.5148357175432373,0.0,0.35,0.4906181911345483
598,male,adult,male-adult,0,0.012317139108651268,0.13111597665466287,0.0,0.19,0.2632891611505219,0.013299294927836306,0.12282376059560053,0.0,0.16,0.3911510019508484
646,male,adult,male-adult,1,0.9966950859427531,0.5264028402384969,0.0,0.54,0.23900326760487822,0.0005403704315169633,0.4665480929433668,0.0,0.34,0.471395970151166
577,female,adult,female-adult,1,0.010948258971956094,0.05720841706143313,0.0,0.09,0.11971209612723281,0.01852399753095376,0.07222016248749637,0.0,0.02,0.22837399537938283
267,female,adult,female-adult,1,0.8759176193183621,0.25107902558424394,0.0,0.21,0.2424415264065995,0.9081395860957229,0.2775802873417545,0.0,0.2,0.3128068069822547
48,male,adult,male-adult,1,0.009892517172872995,0.0731473686509059,0.0,0.08,0.14311395796194804,0.04239153193304007,0.09369080199356122,1.0,0.19,0.700389413440105
762,male,youth,male-youth,1,0.4432538475353268,0.4564697085329913,0.0,0.45,0.4045767684096562,0.4306504842254465,0.44852389615592547,0.0,0.4,0.48168188002540274
166,female,adult,female-adult,0,0.9583026328898212,0.6155423268083765,0.0,0.58,0.2610646530643453,0.9603159622489003,0.5490517308318382,0.0,0.53,0.38713385551762575
715,male,adult,male-adult,1,5.145846116578705e-06,0.021862917346422272,0.0,0.14,0.06439573734718901,1.945125042295376e-05,0.03722171906517477,1.0,0.16,0.5882553633880231
985,female,adult,female-adult,1,0.639364395446153,0.5192322054910006,1.0,0.45,0.4055553338128688,0.7025281038072428,0.4854603383123569,0.0,0.32,0.40785692690731573
730,male,adult,male-adult,1,0.8754721954623822,0.5886822588970659,1.0,0.42,0.2533679359572427,0.9458539336842069,0.6030352183463669,1.0,0.46,0.7508510855520272
573,female,youth,female-youth,1,0.8835547899050664,0.5199790478295024,1.0,0.57,0.3197183440595331,0.8915643242749107,0.5230381148687343,1.0,0.56,0.47285483301065173
796,male,adult,male-adult,0,0.006272372691090782,0.08070806221566648,0.0,0.4,0.1218740883612454,0.01854237103530763,0.09779231868087887,0.0,0.34,0.7776385379031396
265,male,adult,male-adult,0,0.3458451471669942,0.3557808646188636,1.0,0.42,0.180337452707823,0.35024741054752895,0.36172392891818717,1.0,0.41,0.2963589917992572
156,male,adult,male-adult,1,2.164386445581984e-19,0.07225625691534036,0.0,0.11,0.18532330115994614,8.27771488339859e-23,0.08114590932171276,0.0,0.09,0.31270891277866336
876,male,adult,male-adult,1,0.9999999994733244,0.7333863894119527,1.0,0.63,0.6081831639534697,0.9999999998874074,0.6764878130420876,1.0,0.56,0.8201497896842013
481,male,adult,male-adult,1,0.8947075612554646,0.736061481458739,1.0,0.5,0.3932554084274216,0.9029759170032201,0.7000913151049064,1.0,0.57,0.3097332294688187
857,male,adult,male-adult,1,0.11185677998016802,0.11213830985064208,0.0,0.05,0.23221397426895984,0.10180132877549922,0.08942320090859973,0.0,0.05,0.3883058360856891
667,female,adult,female-adult,1,0.9999963455237889,0.5431731513095518,1.0,0.43,0.5214705565202861,0.9999985114170039,0.5264174743968474,1.0,0.35,0.4381352403938115
13,male,adult,male-adult,0,0.3240059607919868,0.5824115452385599,1.0,0.39,0.2790143743755163,0.40164364395466456,0.5798809985005092,0.0,0.42,0.39387354707882616
456,male,adult,male-adult,1,0.5354766537962528,0.5116758186801292,0.0,0.17,0.37191704055939895,0.5908548645549455,0.4668616612374393,0.0,0.1,0.5258769460169264
601,female,adult,female-adult,0,0.5554186673632393,0.4265793981647017,1.0,0.32,0.32987852507658255,0.5591643502721861,0.383283827465565,0.0,0.3,0.27606824633185345
909,female,adult,female-adult,1,0.015135375869718522,0.1611720242077366,0.0,0.19,0.26794796231344525,0.01236638191366501,0.1847355746045799,0.0,0.11,0.42249453948758386
836,female,youth,female-youth,1,0.0009044342439468939,0.07236657943869612,0.0,0.11,0.15507868690102608,0.0007652135788818271,0.08630287440498613,0.0,0.1,0.21926303382907925
634,female,adult,female-adult,0,0.7440444455813386,0.49543785758309705,1.0,0.47,0.21215549166311728,0.7586214221135285,0.5403791791890269,1.0,0.52,0.44478900816233297
742,male,adult,male-adult,1,0.000399297449107221,0.037638381412320905,0.0,0.01,0.1337618094814697,0.00028938271025579485,0.044225819211319906,0.0,0.03,0.26918507011016185
177,male,adult,male-adult,1,0.0013588413010346481,0.19630895696850303,0.0,0.22,0.22563394814044527,0.001340024296284736,0.2227510618998322,0.0,0.13,0.2883245186293063
201,male,adult,male-adult,1,0.5544165871103877,0.5429885583138805,1.0,0.83,0.41412178248873865,0.5561878306701726,0.5240794518313994,1.0,0.78,0.41246399858064264
244,female,adult,female-adult,1,8.307283077892845e-05,0.10647139967347533,1.0,0.2,0.22225707050066829,0.5200086032001608,0.11233445271316703,0.0,0.23,0.36814442298690186
233,male,adult,male-adult,1,0.00010082268559050622,0.2594217560495515,0.0,0.29,0.2791228021581511,3.504476081185932e-05,0.2326071244224956,0.0,0.19,0.16699526443107812
200,male,adult,male-adult,1,0.0013362308197814592,0.055228653582702444,0.0,0.09,0.13186761400028213,0.0017805120949365742,0.06107349178739088,0.0,0.09,0.1568694098828011
134,female,youth,female-youth,1,0.09820187665293069,0.06408469282610807,1.0,0.15,0.12116292713881574,0.037591946580498393,0.08565520271397879,0.0,0.17,0.8013170790608021
499,male,adult,male-adult,1,0.0004706306692900025,0.06265180863588903,0.0,0.11,0.09468631817593044,0.00045795330684298053,0.08588730192745794,0.0,0.13,0.3578843103671196
642,male,adult,male-adult,0,0.4024457739494516,0.08582455274764006,0.0,0.31,0.16752821473712012,0.542215252565541,0.09860172453778197,0.0,0.31,0.6006411551811364
100,male,adult,male-adult,1,0.017459832485219245,0.15720985600045387,0.0,0.19,0.31790892117500685,0.016326489380392543,0.19122836273285254,0.0,0.11,0.3618956439108017
976,female,adult,female-adult,1,7.813395482246863e-05,0.11418874805190632,0.0,0.17,0.18871365862139758,2.9012697280911693e-05,0.13862332538542604,1.0,0.12,0.19019552570036544
812,male,youth,male-youth,0,0.0167558917291507,0.31587708271700704,0.0,0.47,0.10135875896456163,0.02260218395501595,0.2738254864110563,0.0,0.42,0.7689625713332121
175,female,adult,female-adult,0,0.8955188676726928,0.13894278707676486,0.0,0.32,0.2610163559267162,0.9808646990868163,0.12813194291676414,0.0,0.28,0.6719624012852191
114,male,adult,male-adult,1,0.0031738035440658295,0.27703565203516606,0.0,0.3,0.43468212273915174,0.00222996521246724,0.2753815226576127,0.0,0.36,0.3041916723122289
239,male,adult,male-adult,1,0.0006005866769104786,0.2735673805702494,0.0,0.35,0.17764337322590593,0.00022856391425445327,0.30965287044198225,1.0,0.37,0.2858886680306159
630,female,adult,female-adult,1,0.5443939240543818,0.4739436936380128,0.0,0.56,0.21812225254834042,0.5307344592702353,0.5278949967002146,1.0,0.64,0.5854810886020404
877,male,adult,male-adult,1,0.0338839377098862,0.2687415497506714,0.0,0.12,0.18462889747003225,0.02072723952774242,0.24436610660715735,0.0,0.09,0.3134899031061718
520,male,adult,male-adult,1,0.9862922292697476,0.12500018769962745,0.0,0.15,0.20762468388345792,0.9984610255938138,0.14837415551720898,0.0,0.21,0.7199480617842084
47,female,youth,female-youth,1,0.013867921073172826,0.17346272647250444,0.0,0.31,0.3547752953998656,0.011134695368656165,0.18812300369026258,1.0,0.18,0.3487795300836017
422,male,adult,male-adult,1,0.02298700477940166,0.13399601656507554,1.0,0.34,0.29033732176586374,0.029086206935810058,0.1481449465419115,0.0,0.2,0.38028545772819994
902,male,adult,male-adult,1,0.0015194698672954185,0.039993256439170684,0.0,0.21,0.09162632739177738,0.01958265206996149,0.04820443989753142,1.0,0.27,0.8062177055556581
999,male,adult,male-adult,1,0.016944061191167738,0.314241692522993,0.0,0.3,0.16603373929222867,0.015486221828221215,0.3478529347651605,0.0,0.37,0.5235872018181937
447,male,adult,male-adult,1,7.576446990013484e-05,0.15099833843557653,0.0,0.17,0.190518429099648,2.5792361879857894e-05,0.16090814564082842,0.0,0.1,0.23163726526743617
820,male,adult,male-adult,1,0.009014145690187412,0.08616000158124765,0.0,0.1,0.23340521613128207,0.011416692817440226,0.11172756305249024,0.0,0.04,0.23903282447677807
922,female,youth,female-youth,0,0.9173127770839691,0.5000878567196579,0.0,0.31,0.4270211738873606,0.9171302726477989,0.5205548402928272,0.0,0.34,0.5147952513211534
834,female,adult,female-adult,0,0.005146709102045533,0.13841893039953393,0.0,0.19,0.35036621430889536,0.0037168073967884544,0.16035384123545732,0.0,0.24,0.42198156387652924
658,female,adult,female-adult,1,0.9999995451280914,0.7775092387480194,1.0,0.49,0.24114268695169808,0.9024226860938962,0.723525909404564,1.0,0.31,0.5740063153525732
846,male,adult,male-adult,0,0.01755216169946112,0.13671348905475741,0.0,0.19,0.07344930609764316,0.05235474573898868,0.19506826264106275,0.0,0.23,0.6997644829003293
136,male,adult,male-adult,1,2.2633768716261786e-07,0.11363766179634413,0.0,0.24,0.10041991002091102,4.784831486685301e-07,0.14729173110297375,0.0,0.25,0.682900224150002
219,female,adult,female-adult,1,0.02177868894347358,0.0922263047704682,0.0,0.07,0.10702274381584827,0.020307299283474273,0.12255942489934551,0.0,0.08,0.3212676726436043
168,female,adult,female-adult,1,0.02602529852431881,0.06287295752613221,0.0,0.15,0.15173805328642048,0.02572041354716703,0.08659828500730773,0.0,0.15,0.5609878053396002
661,male,youth,male-youth,0,0.202993780141372,0.5374704249485036,1.0,0.71,0.21645698278972517,0.19232768455053376,0.5290260091731127,1.0,0.7,0.3609573268276999
333,female,youth,female-youth,0,0.05937911038866024,0.22795989035787623,1.0,0.32,0.15857961020022635,0.04373063091256218,0.21441369601822316,0.0,0.38,0.8040831234000532
984,male,adult,male-adult,1,0.0012795271532068154,0.04773586794492475,0.0,0.08,0.2869682083339605,0.0015306775697077875,0.05423048973588682,0.0,0.13,0.319497324787614
355,male,youth,male-youth,0,0.9976660597049188,0.7522255474460371,1.0,0.63,0.5353981278719762,0.9984216454737087,0.7272393812952397,0.0,0.61,0.38134082865352664
11,female,youth,female-youth,0,0.9988964511528783,0.8529447453278203,1.0,0.72,0.34437059467006376,0.9989937439706381,0.8519165989062132,1.0,0.74,0.7434767860810695
97,male,adult,male-adult,1,0.5688789002413186,0.41962202617534866,1.0,0.36,0.1339657746299229,0.545867469175577,0.4366570202951815,0.0,0.33,0.5494930957266665
590,female,adult,female-adult,1,0.0007718857445643138,0.08947772391392342,0.0,0.26,0.42559881256554866,0.021015308690416127,0.10030602743893313,1.0,0.24,0.3817151082622806
450,male,adult,male-adult,1,0.00033778757213433,0.08033326408171697,1.0,0.32,0.0600261634676985,0.0018843946530831938,0.06455384016819803,1.0,0.31,0.757096956253737
424,female,adult,female-adult,0,0.07580643261143154,0.11933587630689552,1.0,0.19,0.2111443483909833,0.0692278184216207,0.1451370467372836,0.0,0.21,0.4392166979435379
732,female,adult,female-adult,1,2.582207414577474e-05,0.13011664046870716,0.0,0.17,0.24211283147887153,9.266569383203986e-06,0.12663223072245935,0.0,0.15,0.20014504044471676
399,female,adult,female-adult,1,6.355554481244576e-08,0.05676805766514706,0.0,0.05,0.3760184999331238,2.6645359861650582e-08,0.05946101550489717,0.0,0.02,0.205733824054464
859,male,adult,male-adult,1,3.1866868979506866e-22,0.05172844802785004,1.0,0.04,0.13085005439849234,2.5782358555776585e-26,0.06082805463559896,0.0,0.05,0.26214507091959965
964,male,youth,male-youth,1,0.9990808292321587,0.4415137514378378,0.0,0.39,0.5177982970781706,0.9997108056459106,0.4099937404241418,0.0,0.34,0.37781953859823847
364,male,adult,male-adult,0,0.9950355009078025,0.6874644704424057,0.0,0.32,0.2695942460404828,0.9964376466563185,0.5900669922734552,0.0,0.38,0.47273356011344375
912,female,adult,female-adult,1,0.022656411140397913,0.18922319040939253,0.0,0.12,0.13131008195135407,0.020204661706437088,0.2619856474438216,0.0,0.14,0.43383875413405143
682,male,adult,male-adult,1,0.057845088643820895,0.17182989871027754,0.0,0.15,0.36169722577104974,0.07436376079610116,0.19064333904533554,0.0,0.13,0.3418938263681106
867,male,adult,male-adult,1,0.38481614203161096,0.07883596833206918,0.0,0.12,0.2069812194109345,0.42833973976149925,0.08340368131330787,0.0,0.22,0.33881330884125344
183,male,adult,male-adult,1,1.4530789903804236e-07,0.029202469722694045,0.0,0.02,0.12073454617006886,4.501374470788173e-08,0.034337983888351825,0.0,0.02,0.38978305459778456
14,female,adult,female-adult,1,0.9279185275166455,0.6912579006808295,1.0,0.65,0.2695601082644008,0.9290462883236348,0.7108089660967633,1.0,0.65,0.5211721029983977
398,male,adult,male-adult,0,0.48982782749492554,0.4221357895033121,1.0,0.49,0.43909122797754657,0.5704761642771279,0.46362858599140244,0.0,0.41,0.32599179905375164
471,female,youth,female-youth,0,0.9974376330346348,0.4935178857285723,1.0,0.58,0.3123136485462136,0.9983162223724277,0.49969350302420484,1.0,0.46,0.41955932611064967
516,male,adult,male-adult,1,1.8008549837405e-17,0.23144200415468502,0.0,0.11,0.36168889698207624,4.518653760955334e-21,0.21621559518380157,0.0,0.07,0.45035490225399183
773,male,adult,male-adult,1,0.0033301802700071493,0.07705221700702275,0.0,0.23,0.2656498864714385,0.0040959210209345715,0.09837476187582234,0.0,0.15,0.36318683651454114
895,male,adult,male-adult,1,0.046025110789212724,0.11634884186033541,0.0,0.22,0.0850992730820619,0.1382967776951035,0.09947390605344279,0.0,0.23,0.7678269971923173
337,female,youth,female-youth,0,0.005853751177344646,0.5795527294712315,1.0,0.65,0.20170658066014657,0.0013028181163558961,0.5687840285743995,0.0,0.65,0.45447031197386106
733,female,adult,female-adult,1,3.308457640701476e-08,0.046741152508370326,0.0,0.03,0.11558617149695803,7.819247582889812e-09,0.07023036115027045,0.0,0.09,0.316717380270042
724,female,youth,female-youth,0,0.10986125652347767,0.28777347451692586,0.0,0.13,0.28302953147638255,0.10716584690335677,0.3232695408661732,0.0,0.19,0.38689792863056616
530,male,adult,male-adult,1,0.977789830914757,0.5464368952846163,1.0,0.59,0.19507030211718837,0.9833516168892565,0.5265980837446882,1.0,0.53,0.40944634806678637
550,female,youth,female-youth,1,0.01223615210795881,0.014751575129046067,0.0,0.11,0.17673564218691232,0.061128355585033135,0.01657600012441119,0.0,0.14,0.3550519890077434
698,male,youth,male-youth,1,0.0028596918055427984,0.13130929341198852,0.0,0.0,0.21372625394386907,0.0053809305973995586,0.11570592970548883,0.0,0.04,0.25859009532866206
230,male,adult,male-adult,0,0.026825596350173557,0.5201431577000878,0.0,0.14,0.18678988812488875,0.01637110054447828,0.4842084057381968,0.0,0.1,0.47659484842744854
325,male,adult,male-adult,1,7.86767903875143e-19,0.11881124890907997,0.0,0.09,0.3089204372061322,2.2559793255482173e-22,0.13669124801423208,0.0,0.08,0.594912932720245
16,male,adult,male-adult,1,0.00010227489935461855,0.03225645604638917,0.0,0.04,0.15233339597108136,0.0001138632131004061,0.04435466251495974,0.0,0.03,0.2508919127825009
957,male,adult,male-adult,1,0.003843240094787627,0.07192215294069604,0.0,0.14,0.34812200166390145,0.019618980270540053,0.08531406633274402,0.0,0.07,0.34160417572218765
181,male,adult,male-adult,0,0.9993139297590156,0.6510259774067952,0.0,0.4,0.3615498358697607,0.9996376372480911,0.6271720511168621,0.0,0.44,0.7095802811305643
767,female,adult,female-adult,1,2.8951001885516362e-05,0.019287190504372127,0.0,0.04,0.20380226474142493,1.722433218047576e-05,0.029364391355606916,0.0,0.02,0.32930861514238274
472,male,adult,male-adult,0,0.7763660910510765,0.6605026150259282,0.0,0.49,0.29905654715426444,0.7844070725105446,0.6311855549144133,0.0,0.54,0.3994278311782851
52,male,adult,male-adult,1,0.014808175197710695,0.13017447995545783,0.0,0.04,0.20476528280466338,0.013842500976501852,0.14636161038306705,0.0,0.09,0.25196429766415007
104,male,adult,male-adult,1,6.076818738508905e-05,0.03023767535253379,0.0,0.05,0.11734757700361671,3.825366103569901e-05,0.045663974520030064,0.0,0.06,0.31919895684215865
243,female,adult,female-adult,1,0.007676570811714589,0.07522732806394497,0.0,0.05,0.25539364484983856,0.010084550432908316,0.08097782426706701,0.0,0.02,0.2451168575910764
608,male,adult,male-adult,1,0.02162825150416506,0.1544252975152929,0.0,0.12,0.37259183537744417,0.018113727213174398,0.13446809177653127,0.0,0.07,0.257853300056837
524,female,adult,female-adult,1,0.00010790499899907014,0.17173809361358888,0.0,0.23,0.16532016797875781,3.710262825876751e-05,0.17358573741452443,0.0,0.14,0.20863001921464025
638,female,adult,female-adult,1,0.05888097264461218,0.13749002346074443,0.0,0.13,0.1559099840104044,0.05553708107687346,0.1514105465294772,0.0,0.1,0.30172846785461455
607,female,adult,female-adult,0,0.9998141565357365,0.5222856081780931,0.0,0.6,0.34255264194765994,0.9998601578087623,0.5162979961390215,1.0,0.64,0.6443462158307591
799,male,adult,male-adult,1,0.4961029696352237,0.31458736250565383,0.0,0.31,0.26455775842614937,0.5544506448381751,0.3039404082526473,0.0,0.26,0.38661659054235137
340,female,youth,female-youth,1,0.9984362746279177,0.3373939096214501,1.0,0.52,0.21279012134411274,0.9996391777360757,0.33073940544766034,1.0,0.4,0.7543904741903253
89,male,adult,male-adult,0,0.9999999716104004,0.45687880314288803,1.0,0.67,0.4384036695321152,0.9972501929012686,0.3791420531850811,0.0,0.65,0.5405133515317876
90,male,adult,male-adult,1,0.0008697361336373077,0.04064893915305887,0.0,0.06,0.24784493657474954,0.0008056638850338272,0.04393517980428832,0.0,0.08,0.19966779592043601
740,male,adult,male-adult,1,0.9999262138059678,0.715948822008355,0.0,0.54,0.4155006097915141,0.9999691386813335,0.7220335740720327,0.0,0.61,0.7146981527092026
102,female,youth,female-youth,1,0.012883110322579086,0.09634687900176647,0.0,0.07,0.355256988421401,0.011701142885424192,0.09829914210253822,0.0,0.04,0.25391727196083486
269,male,adult,male-adult,1,0.0006695983405192304,0.07464345507092557,0.0,0.14,0.1570830390957189,0.0008193073382918814,0.10323606083283282,0.0,0.1,0.1985296560277038
593,female,youth,female-youth,0,0.7770763576690655,0.5458504173169191,1.0,0.3,0.28904396813424565,0.7852461094750376,0.5843218879285706,1.0,0.3,0.5302458320823267
196,female,adult,female-adult,1,0.0008498532784194328,0.039298779227845,0.0,0.05,0.22315651149314394,0.001012054344442996,0.0471275023644291,0.0,0.03,0.2180077574668459
206,male,adult,male-adult,1,0.00030554228947069997,0.021647900085748795,0.0,0.08,0.15677253236128938,0.0014973539876089444,0.025706961584058552,0.0,0.02,0.26882276602853883
35,male,adult,male-adult,0,0.5653747092318866,0.6009683842173381,1.0,0.5,0.43080473486246496,0.7418314596740331,0.597951487352207,0.0,0.55,0.569643209455273
769,male,adult,male-adult,1,0.00018625797263654504,0.014605012923083681,0.0,0.05,0.2530434632312305,0.00021398837465434582,0.021319238985262032,0.0,0.01,0.27202136001761007
54,male,adult,male-adult,0,0.9978009008459238,0.7717037454427064,1.0,0.49,0.33686201937156157,0.9980512280678582,0.7476319654106446,1.0,0.49,0.5976978751624474
469,male,adult,male-adult,1,9.079850849777285e-05,0.06468958825431495,1.0,0.16,0.14939216686700746,0.00011193298405581642,0.08233092327018186,0.0,0.16,0.5065953438665367
105,male,adult,male-adult,0,0.9999969448980778,0.3589487034782572,1.0,0.58,0.07356008154364425,0.9999948186103125,0.38959401453143777,1.0,0.48,0.9247788172614696
298,male,adult,male-adult,1,0.007244452481969267,0.04443870148799359,0.0,0.07,0.1553100768549835,0.005812126814609984,0.05400312479500839,0.0,0.05,0.35922374356054426
306,female,youth,female-youth,1,0.0031276278727395642,0.061924563829523764,0.0,0.1,0.23104731484589336,0.0036762359948814493,0.08675631483853698,0.0,0.16,0.5193011587961935
433,male,adult,male-adult,1,0.4231518538883789,0.08415918021514626,0.0,0.19,0.30128316632211205,0.7357940075066426,0.09003507313910292,0.0,0.14,0.29590992978260305
865,female,youth,female-youth,1,0.001086502043585775,0.0920185026049477,0.0,0.16,0.131581203093849,0.00074684673910563,0.134103401485154,0.0,0.21,0.38897805459759593
31,male,adult,male-adult,1,0.9984019536822534,0.7366482023408847,0.0,0.62,0.315086222512808,0.9989825460667014,0.7301745761296206,0.0,0.57,0.6082636938189013
188,male,youth,male-youth,0,0.10467361955005386,0.31596970785604767,1.0,0.6,0.4601817844118332,0.09894459606602693,0.29852081697455934,1.0,0.51,0.41618512916978784
815,female,adult,female-adult,1,0.9923329211106757,0.8677288419630786,1.0,0.51,0.3175362380542599,0.9970842516150993,0.831353904000387,1.0,0.61,0.7766060459918105
408,male,adult,male-adult,1,0.0001700297951461843,0.0746330123420651,0.0,0.21,0.1380885990579969,0.0001105067903536711,0.08994103263691425,0.0,0.27,0.34142480472106496
339,male,adult,male-adult,1,0.48021471092808643,0.44524332707255615,0.0,0.28,0.25108943546088075,0.46806278199291346,0.4196498400196725,0.0,0.34,0.37323975853132624
864,male,adult,male-adult,0,0.154054418551146,0.15145399496063436,0.0,0.09,0.42573489393178227,0.14418566131217683,0.15445812913967732,0.0,0.14,0.40620092354566883
278,female,adult,female-adult,0,0.062095797810206924,0.052449671267801805,0.0,0.1,0.14478223217343847,0.07526918595678943,0.0749667205228231,0.0,0.11,0.5941147096039752
901,male,adult,male-adult,1,0.00026118192270896797,0.0254283316362851,0.0,0.09,0.13698740034597304,0.00024290363098451978,0.03288792001385157,0.0,0.02,0.36880869197393823
694,male,adult,male-adult,1,0.004035981385527146,0.09828823225392364,0.0,0.06,0.15720720542445646,0.003568469643749462,0.10880158494580415,0.0,0.06,0.33106277393420336
580,male,adult,male-adult,0,0.00025851625985649166,0.30805082277645945,1.0,0.43,0.20986776885086103,0.00012379403435020577,0.28712581301364665,0.0,0.33,0.1996679670070034
138,male,adult,male-adult,1,3.550971067820236e-07,0.050397876008107224,0.0,0.22,0.14632241085148254,6.25192759350778e-07,0.04929897917256922,1.0,0.2,0.2637754616116762
813,male,adult,male-adult,0,0.12636622087217847,0.7456650771107992,1.0,0.72,0.1629808398855594,0.02433125448916441,0.7578596788601383,1.0,0.66,0.5888282381302624
784,male,adult,male-adult,1,0.0014396437764138913,0.042211304931218316,0.0,0.27,0.10813783126665853,0.0029495867820025544,0.056475636146184664,0.0,0.35,0.7395429141403109
943,male,adult,male-adult,1,0.0002827564613935769,0.03414752173991584,0.0,0.06,0.2849778060685,0.0013013816635531088,0.03227638752340156,0.0,0.02,0.2763269703774249
561,male,youth,male-youth,0,0.9655040973143225,0.723466548699713,0.0,0.52,0.37064844482477965,0.9629422083871221,0.7003065939821926,1.0,0.52,0.5009508018792895
793,male,adult,male-adult,1,0.26820216439298844,0.2559469109655261,1.0,0.23,0.1961508401349712,0.2308560689556311,0.2830437488265363,0.0,0.3,0.5246545461725854
410,female,youth,female-youth,1,0.20996605007937666,0.3170091597855664,1.0,0.29,0.157349619745765,0.20475517664548523,0.3678879958046988,1.0,0.26,0.4098059464087307
636,female,adult,female-adult,1,7.62706326005252e-05,0.10942732048661409,0.0,0.08,0.1999508270159922,5.2488156844159333e-05,0.11920974886608511,1.0,0.08,0.22881355444573262
939,male,adult,male-adult,1,6.20896165437547e-06,0.011695578459308418,0.0,0.12,0.06834063511191474,1.4480397348777645e-05,0.017850561002890234,0.0,0.16,0.5989951431259147
19,male,adult,male-adult,1,0.00012372444758067732,0.06782316662766776,0.0,0.21,0.1079869199071677,7.947425942527208e-05,0.08406137518220479,0.0,0.2,0.2682520368538012
575,female,youth,female-youth,1,0.8297683245350588,0.08375908748074332,0.0,0.14,0.1661783023376515,0.9468401661162565,0.08072613383137717,0.0,0.2,0.5624913502132385
322,male,adult,male-adult,1,0.13722461228617364,0.30550624636444046,0.0,0.27,0.41766258649485977,0.10775423616012719,0.27208667840832995,0.0,0.24,0.6083842072209953
191,male,adult,male-adult,0,0.9999999588780648,0.6706322745791586,0.0,0.6,0.27863737993442933,0.9804056261950483,0.5707108410952677,0.0,0.44,0.7747221269520072
670,male,adult,male-adult,1,0.0036922498991396185,0.05857458061975771,1.0,0.14,0.1914039805683436,0.005450264786209379,0.07500602942472293,0.0,0.14,0.5139869471442875
68,male,adult,male-adult,0,0.9999079362306178,0.36049689121461903,0.0,0.17,0.2685105887659508,0.999940284585286,0.35134105801604903,0.0,0.3,0.41536362033801144
452,male,adult,male-adult,1,0.9997735527287375,0.088278885951539,0.0,0.27,0.17647411583773173,0.013015027070485657,0.08953629764383486,0.0,0.05,0.3642112818619028
26,male,adult,male-adult,1,0.9996717646378601,0.14129519578379002,1.0,0.34,0.22029545434922443,0.006840229848702304,0.11427150765099539,1.0,0.2,0.26053475206286997
597,male,adult,male-adult,0,0.9999844264985,0.26539278249728604,0.0,0.43,0.2425563872346461,0.5185726901089479,0.2685336512077778,0.0,0.2,0.6766322665242919
894,male,adult,male-adult,1,7.85675703642223e-05,0.024504675808411615,0.0,0.06,0.1756430824230262,8.156286448950731e-05,0.02864855356408981,0.0,0.07,0.1957705272140824
703,male,adult,male-adult,1,0.998111343536819,0.7274433086189945,0.0,0.44,0.39718610529727616,0.9991207296960026,0.7270132714378362,0.0,0.46,0.4712546288900001
621,male,adult,male-adult,0,0.04834764080313263,0.2365054097987813,0.0,0.2,0.3112344157194667,0.05598810043522352,0.2151230796730741,0.0,0.13,0.27969924280509034
423,male,adult,male-adult,1,0.004761230948659037,0.05488140319608487,0.0,0.19,0.25605749699550345,0.005400073453363494,0.06263361451859135,0.0,0.19,0.5068453855827496
807,male,adult,male-adult,1,2.3598593504350935e-06,0.011018045181808956,0.0,0.04,0.17342213317718908,5.7277400269574336e-05,0.017308795049434385,0.0,0.05,0.20055191063625918
211,female,adult,female-adult,1,0.0001895044153197192,0.021524235749209912,0.0,0.07,0.17250417026028017,0.00010801448818902649,0.03017951750711274,0.0,0.09,0.39790798559430235
933,male,adult,male-adult,1,1.2876100214120188e-05,0.018014509087128285,1.0,0.15,0.1389060370788104,1.1900577031815823e-05,0.025017645058324364,0.0,0.11,0.16206405300566337
173,male,adult,male-adult,1,2.9459591524395564e-21,0.17457582206687025,0.0,0.11,0.20072208113997053,2.676352398465339e-25,0.17246638834134329,0.0,0.05,0.17453309800919972
552,male,adult,male-adult,0,0.00043700961920256734,0.27430779352677626,0.0,0.48,0.20572787374944315,0.0004106407581954797,0.3133428784102911,1.0,0.42,0.6250158846072563
704,female,adult,female-adult,1,0.9453017169714083,0.5818678602512232,1.0,0.4,0.24966168030528535,0.9500804030647674,0.5412595191695799,1.0,0.51,0.40314904706794813
734,female,adult,female-adult,1,0.0010671389869453404,0.04229485591320056,0.0,0.01,0.20833397267847537,0.0008132090945793595,0.0381327883063578,0.0,0.02,0.33561913923558
776,male,adult,male-adult,1,0.004130200485071843,0.1301052955813457,0.0,0.12,0.09701135856874046,0.0032079527990948003,0.13166229174049676,0.0,0.04,0.4071590980038553
381,female,adult,female-adult,0,0.9966137047265873,0.29790954465070846,0.0,0.67,0.08471093353542933,0.9999727737912845,0.2853244365190511,0.0,0.54,0.9588156260238329
990,male,adult,male-adult,1,0.03330602572028568,0.04793700724517812,0.0,0.12,0.2156295134162628,0.05159692632306956,0.05111031382367153,0.0,0.14,0.29844009800274396
525,male,adult,male-adult,1,0.08601975156848268,0.3793661946796807,1.0,0.49,0.13819561433639263,0.2457963655262158,0.4451771058023134,1.0,0.4,0.7452692653342783
41,male,adult,male-adult,1,0.003075817434251813,0.25374865924237816,1.0,0.34,0.233961752127578,0.0022536801277313764,0.274613625316481,1.0,0.28,0.2590700012037728
1,female,youth,female-youth,0,0.6687745634838931,0.5193885853536045,1.0,0.56,0.3256094199821018,0.7304971663252611,0.5466814988928785,1.0,0.5,0.6426787780956558
95,male,adult,male-adult,0,0.9999999999997797,0.9245783255122274,1.0,0.86,0.11033254307395503,0.9999999836074168,0.8885667510754636,1.0,0.75,0.9687350786953455
247,male,adult,male-adult,1,1.706956917835152e-11,0.5146074476220326,0.0,0.3,0.45790388478428734,1.0989206228747987e-20,0.37011072413923374,0.0,0.3,0.38714352702991095
903,male,adult,male-adult,1,0.0008213154018045365,0.051492080147359336,0.0,0.06,0.26201819168081797,0.0007096342329770643,0.05950312061054177,0.0,0.12,0.22748703268560325
142,male,adult,male-adult,1,0.7749568261606449,0.6474604486290255,1.0,0.59,0.3010994859775023,0.7685671727677337,0.6289287849107057,1.0,0.55,0.5835955756884617
744,male,adult,male-adult,1,0.952087414079306,0.23184112234075188,1.0,0.46,0.06339007817199498,0.9987820645569742,0.23069498629641152,1.0,0.49,0.964462025496266
409,male,adult,male-adult,0,1.3238385932749736e-06,0.06316572368701595,1.0,0.18,0.2038511697690937,4.047867579701376e-06,0.0653536381997512,1.0,0.24,0.25001253869339124
641,male,adult,male-adult,1,0.9945968798170635,0.3735080394875724,0.0,0.36,0.23180557117300998,0.9987066927788034,0.4268524640899759,1.0,0.35,0.4531848568415855
931,female,youth,female-youth,0,0.4824054200811113,0.3768119567758436,0.0,0.22,0.23849801814250435,0.4694661193991857,0.3779263643094912,0.0,0.24,0.38880738266207027
106,male,adult,male-adult,0,0.9999016808013412,0.22567615204760136,1.0,0.3,0.1615561273840686,0.9999854832667008,0.25013465034726834,1.0,0.21,0.8312767972045271
300,female,adult,female-adult,1,0.27617958599614495,0.03654710603238218,0.0,0.12,0.16261039226978066,0.36314144127672,0.051820853080375824,0.0,0.1,0.32001080073161864
913,male,adult,male-adult,1,7.774629856647986e-07,0.022531358030718304,1.0,0.09,0.15206017389239043,2.433672917836324e-07,0.02922349870722489,0.0,0.06,0.328221328472106
273,male,adult,male-adult,0,0.21588916000412012,0.33138929921226057,1.0,0.38,0.26753741811386617,0.20143300026374594,0.39827496225649367,1.0,0.38,0.49588171420411126
786,male,adult,male-adult,1,0.00011933293077985157,0.07044296442065555,0.0,0.1,0.11565804864053526,6.828938544130195e-05,0.09086078106011664,0.0,0.11,0.2990366040861274
143,male,youth,male-youth,0,0.711806697839864,0.5246591571906418,0.0,0.48,0.2631018896404772,0.7134140439212551,0.5332442982601302,0.0,0.46,0.5244501230273636
391,female,youth,female-youth,1,0.00013919123980181164,0.13591574291163286,0.0,0.37,0.34839509214049574,4.8652479993434255e-05,0.1841353910524399,0.0,0.29,0.5001982893473008
186,female,adult,female-adult,0,0.9998327514628909,0.2951450472781899,0.0,0.44,0.28454190973206284,0.9999414513836575,0.2889926661124066,1.0,0.43,0.8077656749779043
503,male,adult,male-adult,0,0.7251027949378424,0.34425269288248794,1.0,0.4,0.33892762355156936,0.7970828962644069,0.3791239768294346,1.0,0.47,0.5226469512080087
430,male,adult,male-adult,1,0.00583951011803884,0.025299077538509192,1.0,0.04,0.16053299515048736,0.0048127828837963545,0.0343562343188376,1.0,0.08,0.5370472132415394
232,male,adult,male-adult,1,0.0050546513370449166,0.06178157807423813,0.0,0.13,0.2867442496526918,0.0043991758427645265,0.06815061335833295,0.0,0.11,0.4045275867923846
53,male,adult,male-adult,1,6.469491435122108e-06,0.026724032885575427,0.0,0.12,0.17550929677500549,3.3722216557813663e-06,0.02882201011940543,0.0,0.15,0.2094483551970807
487,female,adult,female-adult,1,0.99807215679993,0.23999787402002495,0.0,0.19,0.16454808618372996,0.998988481947209,0.2563314030248917,0.0,0.25,0.5591562680317976
673,male,youth,male-youth,1,6.891564861794423e-05,0.07487636786539029,0.0,0.06,0.15379574067290974,4.290412266331304e-05,0.08463644244241844,0.0,0.06,0.27070027369131167
868,male,adult,male-adult,1,0.03144110406741482,0.12803143412700915,0.0,0.3,0.10103358464687652,0.09097738787786455,0.14862131499215675,0.0,0.32,0.6379882292860606
406,male,adult,male-adult,1,5.439686658556402e-07,0.011581026854739537,0.0,0.02,0.06278143039349614,4.3457297334826034e-07,0.016270601352108352,0.0,0.0,0.24298955178511725
494,male,adult,male-adult,1,2.5575502692552664e-17,0.477326086306649,1.0,0.25,0.47602671376887234,8.581407425478529e-21,0.4283474222259424,0.0,0.18,0.412807055375835
362,female,adult,female-adult,1,0.8044437393886611,0.5210123106257926,0.0,0.26,0.23465423832696186,0.8634460742012877,0.5425470592375502,0.0,0.31,0.4010347841381993
343,male,adult,male-adult,1,0.9997603569850106,0.40602520329412894,1.0,0.35,0.310511580667312,0.9998927974887339,0.3675044464165219,0.0,0.37,0.7455890968245602
405,male,youth,male-youth,0,0.4211793466316127,0.31002286581672395,1.0,0.23,0.3985153011944292,0.4213530125713015,0.34200704939281346,1.0,0.33,0.4017745671595401
512,male,adult,male-adult,1,0.03263887050243015,0.14753545139080873,0.0,0.15,0.14973904093365323,0.024923614594928527,0.17619066552576199,0.0,0.18,0.5521362425583566
255,male,adult,male-adult,1,0.5078784721669772,0.5081863061520396,1.0,0.28,0.39808910016271165,0.6183960911688976,0.5005369250465886,0.0,0.38,0.7309376594930198
989,male,adult,male-adult,1,0.05370911249549252,0.33349015708902885,1.0,0.44,0.41771026701180736,0.06939982653131688,0.3203570717986523,0.0,0.37,0.2780579742784081
655,male,youth,male-youth,1,0.9974766464316038,0.53525131598011,0.0,0.36,0.26649692038457046,0.9982602454884242,0.5664743430130967,0.0,0.41,0.7582334638214927
253,male,adult,male-adult,1,0.02062183375476188,0.09896137977383922,0.0,0.26,0.2160331656187486,0.030793464129841644,0.14025583642050798,0.0,0.24,0.5501036144941345
855,male,adult,male-adult,1,0.015777077540991703,0.11101777886096902,0.0,0.09,0.24834104319573114,0.01488642075437371,0.13727114928365974,0.0,0.12,0.3452252550703928
749,male,adult,male-adult,1,5.97854953731395e-05,0.052600413552138986,0.0,0.02,0.14885540581644327,3.5796026532776424e-05,0.059337316391658436,0.0,0.05,0.3046898717137663
651,male,adult,male-adult,0,0.46188610295626237,0.3992764424365595,0.0,0.23,0.3283247886121788,0.4558230365528233,0.37790629114349444,0.0,0.3,0.3624500638016916
571,male,adult,male-adult,1,0.6814842587163049,0.15255004964036978,0.0,0.12,0.15938783886373914,0.8635262180668701,0.14536618086877157,0.0,0.21,0.6211940906558179
971,male,adult,male-adult,1,0.11539637760107879,0.138264295564118,0.0,0.21,0.11512654486202237,0.30535016157415085,0.18538709697000805,0.0,0.3,0.7284879457546812
216,male,adult,male-adult,1,0.9999997624531962,0.721346081201182,1.0,0.67,0.396502824600532,0.9063698005989378,0.5377391145801641,0.0,0.42,0.605200064463898
611,female,adult,female-adult,0,0.06722809423329547,0.12504923242029348,0.0,0.27,0.23472376774885262,0.05504897721934643,0.15714584638518736,0.0,0.26,0.5282564609649659
28,male,adult,male-adult,1,9.140635580695882e-05,0.18258400458170823,0.0,0.16,0.18966037244032735,3.126388482203469e-05,0.18420870957998428,0.0,0.1,0.22070971628950925
633,female,youth,female-youth,0,0.9940740847677825,0.1996382448159263,1.0,0.22,0.2422418418362319,0.9983937039283384,0.2022261997317639,0.0,0.21,0.4542044697414013
731,male,youth,male-youth,0,0.6177374420540013,0.3989321677807159,1.0,0.33,0.44476600044717474,0.6175375038673292,0.4439692155624817,0.0,0.33,0.5484747926389196
644,male,adult,male-adult,1,0.06354436967778548,0.27629547388477327,0.0,0.3,0.4088288004050741,0.07235749003871149,0.2120152705756327,0.0,0.21,0.4620150878801209
370,male,adult,male-adult,1,0.002729345159365166,0.11904292696643827,0.0,0.08,0.14141264780768836,0.0015714720161232262,0.13344189666497264,0.0,0.07,0.33267247590433074
654,male,adult,male-adult,1,8.997907376716919e-06,0.03769717353395061,0.0,0.03,0.128164828491788,7.638956686348692e-06,0.0441398420492032,0.0,0.02,0.25495934931018166
806,male,adult,male-adult,1,1.1027422428125423e-17,0.16921827365562753,0.0,0.15,0.4267235457323163,2.8385577995371595e-21,0.1852634319550318,0.0,0.18,0.34664078704952106
483,female,adult,female-adult,1,1.1720740755332064e-06,0.05038843679888603,0.0,0.1,0.21002530429085076,5.206362818042436e-07,0.05974455723136539,0.0,0.05,0.3142758710664455
234,male,adult,male-adult,1,7.604199825214989e-05,0.01671158725650362,0.0,0.07,0.32618666653350964,0.00033961180065960245,0.0168357176190571,0.0,0.0,0.272488414831234
261,female,adult,female-adult,1,0.5212434656861442,0.5234590237989627,1.0,0.6,0.2405549517916398,0.5236055938345172,0.5480219894068943,1.0,0.66,0.4371058102975779
637,male,youth,male-youth,1,0.9980787303554585,0.2559805472427553,0.0,0.39,0.04956549185387678,0.9787464950869601,0.23215507892528914,1.0,0.35,0.8930517529375515
380,male,adult,male-adult,1,0.026945554937019257,0.16437924237286825,0.0,0.33,0.11200590464045478,0.020774649513857747,0.17088742699516085,0.0,0.32,0.5403792423673279
292,female,adult,female-adult,1,0.1242584898623083,0.1881222260174199,0.0,0.18,0.2004595145853172,0.26031224223614186,0.20000429289049076,0.0,0.22,0.8043423031905794
898,female,adult,female-adult,1,0.0019823471529082154,0.025817805145484086,0.0,0.16,0.24764806096760147,0.0016531575991229853,0.038047870190422155,0.0,0.16,0.5160050466290237
67,male,youth,male-youth,1,4.847757640426276e-05,0.38326127252936276,1.0,0.36,0.30436444196040763,1.6283787354820163e-05,0.3691739799711703,0.0,0.29,0.29483549000206677
209,male,adult,male-adult,1,1.0717065551388036e-25,0.017904673074871088,0.0,0.08,0.17872449597263285,6.028492543263245e-30,0.02135786038801119,0.0,0.07,0.22287339371854145
676,male,adult,male-adult,1,0.006191172856277094,0.0858462262773696,0.0,0.05,0.08131588482510783,0.00842917424130535,0.09217122249632043,0.0,0.09,0.5000789485504306
458,female,adult,female-adult,1,0.03281093327384133,0.5159803480439279,0.0,0.43,0.3987354437473766,0.00832292968936378,0.46039882233893703,0.0,0.4,0.3727128668081056
451,female,adult,female-adult,1,0.00602511223238898,0.07448239498569437,1.0,0.14,0.35643058005383527,0.0055166180448426696,0.07901009653681466,0.0,0.08,0.19346639919153796
246,male,adult,male-adult,1,0.00024071707312655827,0.02995709657063985,0.0,0.05,0.2382618129589959,0.00122641890432901,0.03605491146623167,0.0,0.06,0.21352123258614447
538,male,adult,male-adult,0,0.9999551594213086,0.9170433974572108,1.0,0.71,0.2915961778137493,0.9999879223356257,0.8997405608209873,0.0,0.72,0.9280498590231021
914,male,adult,male-adult,0,0.9999955508151606,0.8437122722473137,0.0,0.68,0.485435659697623,0.9999982487783385,0.8021158190606937,1.0,0.62,0.5601380136105266
21,male,adult,male-adult,1,0.016297178671304872,0.24265225098903803,0.0,0.24,0.33771548930537254,0.011208720240856647,0.2728989396067376,0.0,0.23,0.4593751214399123
631,male,adult,male-adult,0,0.9999911498456284,0.8104145304586564,0.0,0.59,0.4210339113753459,0.9999961021430518,0.75972051733147,1.0,0.67,0.5658622275443171
938,male,adult,male-adult,0,0.9999863617937041,0.8349745011470654,1.0,0.78,0.22886708128485292,0.9999927362074627,0.8283761907751797,1.0,0.72,0.7964527955369863
606,male,adult,male-adult,1,0.019066755181496302,0.09432560996473119,1.0,0.22,0.1885017381146529,0.022444295130851843,0.08765926399642744,0.0,0.16,0.5365804356594085
145,male,adult,male-adult,1,0.9999499816909008,0.7562618448590406,0.0,0.47,0.2978922321002628,0.9999708624775528,0.731052001129537,0.0,0.51,0.63940709056616
754,male,adult,male-adult,0,0.030775845365883098,0.09213371744763396,0.0,0.17,0.19092787771034433,0.046729531083403754,0.11009723149778579,0.0,0.17,0.4858889927807809
421,male,adult,male-adult,1,0.0004092204560952957,0.2013684296199707,0.0,0.23,0.1608563633715215,0.000268337916862256,0.21183869909613962,0.0,0.25,0.25622345006645186
830,male,adult,male-adult,1,0.00283522442895932,0.179796117967559,0.0,0.21,0.10879466647858507,0.0029618321971943366,0.205443798189095,1.0,0.36,0.3092372648792448
850,male,adult,male-adult,0,2.924365892912021e-19,0.7311541014597339,1.0,0.47,0.3265762681304095,3.493766690177084e-23,0.6325740939794223,1.0,0.27,0.2862226354253109
563,male,adult,male-adult,0,0.9961774290542984,0.37633802027042207,0.0,0.35,0.07769751160792245,0.9985902186090314,0.405603159097859,0.0,0.37,0.9269448356563191
653,male,adult,male-adult,0,0.33760763979131947,0.42193897401309205,0.0,0.32,0.1050991568150978,0.9890980670923739,0.500190054466879,0.0,0.27,0.9101903371566562
766,male,adult,male-adult,0,0.8855825964838295,0.4790433703910412,0.0,0.35,0.36337231673471587,0.8857665709325714,0.5133964698818559,0.0,0.4,0.5941918248455931
659,male,adult,male-adult,1,0.45879776661903493,0.28403851167375466,1.0,0.36,0.21827000566394317,0.6394834280456787,0.2277964297069714,1.0,0.42,0.6624294473990342
887,male,youth,male-youth,0,0.9999890664587604,0.7611929951268489,1.0,0.84,0.05707268995177775,0.9999979875162666,0.7465214994772783,1.0,0.8,0.941702565030742
297,male,adult,male-adult,1,2.7629972673904575e-17,0.08419831531456844,0.0,0.17,0.21777611672833078,1.1073510809895386e-20,0.08308108372402435,1.0,0.14,0.240095381118542
505,male,adult,male-adult,0,1.0317050384458655e-06,0.048309218608379514,0.0,0.08,0.08073602486846207,3.378855286944479e-07,0.058769199492190345,0.0,0.17,0.15029699426748996
110,male,adult,male-adult,1,0.8758508958636874,0.3689343314581846,0.0,0.24,0.23264371566576614,0.91272722229485,0.4115915704624326,0.0,0.33,0.5393825835343231
74,male,adult,male-adult,0,0.981153366325616,0.3800376003220459,1.0,0.47,0.19275618796251753,0.9813557677080422,0.3708721836954659,1.0,0.55,0.5675411323328007
0,male,adult,male-adult,1,0.00131063615516752,0.05703853164750135,0.0,0.08,0.2424355178931322,0.001519608196639712,0.06971835833053754,0.0,0.1,0.32600428886887883
921,male,adult,male-adult,1,0.17114905909510497,0.31023570853277727,1.0,0.5,0.0893987278901121,0.9552769088885267,0.28576674461291374,1.0,0.45,0.9214379024489429
455,female,adult,female-adult,1,0.004774622727530573,0.14306093555622648,0.0,0.13,0.27968355668898676,0.0034424199897282876,0.12991063188644325,0.0,0.25,0.3389917487014853
392,male,adult,male-adult,1,0.9978569659976434,0.6081350801232309,1.0,0.48,0.2803421514772895,0.9971709562170872,0.5643055496078482,0.0,0.51,0.818465214652198
463,male,adult,male-adult,1,2.7997462080323825e-06,0.1399623917717426,0.0,0.32,0.1303030661962864,0.031103368312376756,0.19468788730070788,1.0,0.25,0.30958924467906934
444,female,adult,female-adult,0,0.6766796171199584,0.44117553645249624,1.0,0.57,0.16214934401951386,0.7037582897180027,0.4332191060306158,1.0,0.61,0.7035451881644985
880,male,adult,male-adult,1,0.0004232826249996025,0.05749379135498471,0.0,0.17,0.07226600183358571,0.00113416082728095,0.06928862028406774,0.0,0.26,0.7497168999337562
748,male,adult,male-adult,1,1.3058536802673863e-05,0.033204059627042606,0.0,0.08,0.08793141995581803,1.0779599159309414e-05,0.04724614695951043,0.0,0.15,0.44782152211097276
428,male,youth,male-youth,1,0.013248679416175994,0.046807927656551646,0.0,0.05,0.11785827528022913,0.011737893642664162,0.06970516894404354,0.0,0.08,0.34185341766303534
101,male,youth,male-youth,1,0.6010177270179338,0.5551741803524602,1.0,0.48,0.22719546922039852,0.5971191853600886,0.5983976247210098,1.0,0.53,0.5486161094052
286,male,adult,male-adult,1,0.06086198654180234,0.5072026565705086,1.0,0.74,0.24163521803090343,0.05422427733639061,0.488829037959772,1.0,0.75,0.6178881947947467
664,female,adult,female-adult,1,0.0815076059734088,0.11702350601568251,1.0,0.26,0.23721450156863536,0.08738459509624082,0.12571249750169522,1.0,0.23,0.3200688933422992
596,female,youth,female-youth,0,0.8380255536815852,0.7002878973133648,1.0,0.78,0.24584687087807006,0.9181370464234471,0.6912801822198626,1.0,0.72,0.5762338098407406
390,male,adult,male-adult,1,0.04768135467174693,0.13085289823205012,0.0,0.2,0.21494748380735298,0.04113296875351444,0.1304089433037833,0.0,0.2,0.35787924330304727
268,male,adult,male-adult,0,4.012344557546677e-16,0.3085523325476745,0.0,0.4,0.128237527135812,6.067223708941482e-18,0.3491693375192251,0.0,0.49,0.9343606078214555
937,male,adult,male-adult,1,0.8644710040233301,0.4401249016575554,1.0,0.34,0.24997754713950288,0.863137457963653,0.4341463964557035,1.0,0.41,0.5403648839220093
625,male,adult,male-adult,1,0.0006341129097752974,0.07020210813682753,0.0,0.01,0.13767349177622012,0.0005204327375099421,0.07927739158544068,0.0,0.06,0.2324440193963297
925,male,adult,male-adult,0,0.9999958940197321,0.8463063109439807,1.0,0.74,0.4821648061657844,0.9999989163108377,0.8281504656040627,1.0,0.72,0.49485314806684266
344,male,adult,male-adult,1,3.1769838467104626e-05,0.23541308535758834,0.0,0.19,0.14815990066525855,9.747248832217525e-06,0.22310461192583292,0.0,0.19,0.31620558985324404
394,male,adult,male-adult,1,0.058983216097888924,0.06491062938498368,0.0,0.26,0.13067171061705568,0.056896125362709715,0.062379016643133424,0.0,0.15,0.4091242678834581
